Timestamp,"What is your major? (Double majors please pick your ""primary"" major.)",Which of the following do you prefer?,Which of the following best describes your opinion of AI?,Which best describes how you use AI for homework? (Remember this survey is anonymous.),At what age did you get your first smartphone?,"How many countries have you visited? Please write your answer as an integer (e.g., if you've never left the United States, write 1, if you've also been to Canada, write 2, etc.).  ",Rate the following movies. [Loved it! ],Rate the following movies. [Liked it.],Rate the following movies. [Just OK.],Rate the following movies. [Didn't like it.],Rate the following movies. [Hated it!],Rate the following movies. [Never seen it.]
1/16/2026 17:53:28,BME,Pen-and-paper math,"Neutral, and I use it when it helps me.",I use AI to explain concepts and check my answers.,13,4,,Avengers: Endgame,,,,"Avatar: Fire and Ash, Barbie, Dune"
1/16/2026 17:53:47,ME,Pen-and-paper math,I like it and I use it wherever possible.,I use AI to explain concepts and check my answers.,13,5,"Frozen, Interstellar, KPop Demon Hunters, My Neighbor Totoro, Spider-Man: Across the Spiderverse, Star Wars: The Rise of Skywalker, Wicked",,,,,"Avatar: Fire and Ash, Avengers: Endgame, Barbie, Dune, Get Out, Superman (2025), Titanic"
1/16/2026 17:54:18,ME,Pen-and-paper math,"Neutral, and I use it when it helps me.",I only use AI to check my answers.,11,1,"Avengers: Endgame, Dune, Interstellar, Spider-Man: Across the Spiderverse","Avatar: Fire and Ash, Barbie, My Neighbor Totoro, Star Wars: The Rise of Skywalker, Superman (2025), Wicked",Frozen,,,"Get Out, KPop Demon Hunters, Titanic"
1/16/2026 17:54:44,ME,Writing reports and making presentations,"Neutral, and I use it when it helps me.",I use AI to explain concepts and check my answers.,13,8,,"Frozen, Spider-Man: Across the Spiderverse, Star Wars: The Rise of Skywalker, Titanic",Interstellar,"Barbie, KPop Demon Hunters",,"Avatar: Fire and Ash, Avengers: Endgame, Dune, Get Out, My Neighbor Totoro, Superman (2025), Wicked"
1/16/2026 17:55:15,BME,Writing reports and making presentations,"Neutral, and I use it when it helps me.",I use AI to explain concepts and check my answers.,13,26,Wicked,,Frozen,,,"Avatar: Fire and Ash, Avengers: Endgame, Barbie, Dune, Get Out, Interstellar, KPop Demon Hunters, My Neighbor Totoro, Spider-Man: Across the Spiderverse, Star Wars: The Rise of Skywalker, Superman (2025), Titanic"
1/16/2026 17:55:21,EE,Programming algorithms,I dislike it and I avoid it if I can.,I don't use AI at all.,14,1,Interstellar,,Frozen,,,"Avatar: Fire and Ash, Avengers: Endgame, Barbie, Dune, Get Out, KPop Demon Hunters, My Neighbor Totoro, Spider-Man: Across the Spiderverse, Star Wars: The Rise of Skywalker, Superman (2025), Titanic, Wicked"
1/16/2026 17:55:29,EE,Programming algorithms,"Neutral, and I use it when it helps me.",I use AI to explain concepts and check my answers.,14,8,"Avengers: Endgame, Get Out, Interstellar, Star Wars: The Rise of Skywalker, Titanic","Barbie, Frozen, Spider-Man: Across the Spiderverse","Dune, Wicked",,,"Avatar: Fire and Ash, KPop Demon Hunters, My Neighbor Totoro, Superman (2025)"
1/16/2026 17:55:48,ME,Pen-and-paper math,I like it and I use it wherever possible.,I use AI to explain concepts and check my answers.,11,5,Avengers: Endgame,,,,,"Avatar: Fire and Ash, Barbie, Dune"
1/16/2026 17:57:25,CE,Pen-and-paper math,"Neutral, and I use it when it helps me.",I use AI to explain concepts and check my answers.,12,12,Spider-Man: Across the Spiderverse,Interstellar,"Avengers: Endgame, Frozen, Titanic",,,"Avatar: Fire and Ash, Barbie, Dune, Get Out, KPop Demon Hunters, My Neighbor Totoro, Star Wars: The Rise of Skywalker, Superman (2025), Wicked"
1/16/2026 18:00:02,ME,Pen-and-paper math,"Neutral, and I use it when it helps me.",I use AI to explain concepts and check my answers.,12,3,,Avengers: Endgame,,,,"Avatar: Fire and Ash, Barbie, Dune"
1/16/2026 18:01:38,EE,Pen-and-paper math,"Neutral, and I use it when it helps me.",I only use AI to check my answers.,13,5,"Avengers: Endgame, My Neighbor Totoro, Spider-Man: Across the Spiderverse","Interstellar, KPop Demon Hunters, Star Wars: The Rise of Skywalker, Titanic, Wicked","Barbie, Frozen",,,"Avatar: Fire and Ash, Dune, Get Out, Superman (2025)"
1/16/2026 18:05:09,EE,Pen-and-paper math,I dislike it and I avoid it if I can.,I only use AI to check my answers.,13,6,Star Wars: The Rise of Skywalker,"Avengers: Endgame, Spider-Man: Across the Spiderverse, Superman (2025)",Interstellar,Frozen,,"Avatar: Fire and Ash, Barbie, Dune, Get Out, KPop Demon Hunters, My Neighbor Totoro, Titanic, Wicked"
1/16/2026 18:07:04,ME,Programming algorithms,I like it and I use it wherever possible.,I use AI to explain concepts and check my answers.,10,2,"Get Out, Superman (2025)","Frozen, Spider-Man: Across the Spiderverse","Titanic, Wicked",,"Avengers: Endgame, Barbie","Avatar: Fire and Ash, Dune, Interstellar, KPop Demon Hunters, My Neighbor Totoro, Star Wars: The Rise of Skywalker"
1/16/2026 18:09:40,EE,Pen-and-paper math,I dislike it and I avoid it if I can.,I don't use AI at all.,12,5,"Avatar: Fire and Ash, Dune, Interstellar, KPop Demon Hunters","Avengers: Endgame, Frozen, Wicked",,,Star Wars: The Rise of Skywalker,"Barbie, Get Out, My Neighbor Totoro, Spider-Man: Across the Spiderverse, Superman (2025), Titanic"
1/16/2026 18:09:42,CE,Programming algorithms,"Neutral, and I use it when it helps me.",I use AI to explain concepts and check my answers.,9,19,Avengers: Endgame,"Frozen, Spider-Man: Across the Spiderverse",Superman (2025),"Barbie, Wicked",,"Avatar: Fire and Ash, Dune, Get Out, Interstellar, KPop Demon Hunters, My Neighbor Totoro, Star Wars: The Rise of Skywalker, Titanic"
1/16/2026 18:15:10,BME,"Collecting data (in a ""wet lab"" or other setting)","Neutral, and I use it when it helps me.",I use AI to explain concepts and check my answers.,12,2,"Interstellar, KPop Demon Hunters",Avengers: Endgame,"Barbie, Frozen, Titanic",Wicked,,"Avatar: Fire and Ash, Dune, Get Out, My Neighbor Totoro, Spider-Man: Across the Spiderverse, Star Wars: The Rise of Skywalker, Superman (2025)"
1/16/2026 18:15:35,EE,Programming algorithms,"Neutral, and I use it when it helps me.",I use AI to explain concepts and check my answers.,14,4,,Avengers: Endgame,Barbie,,,Avatar: Fire and Ash
1/16/2026 18:17:10,BME,Programming algorithms,I like it and I use it wherever possible.,I use AI to explain concepts and check my answers.,11,16,"Dune, Interstellar, My Neighbor Totoro",,"Avengers: Endgame, Barbie, Spider-Man: Across the Spiderverse, Titanic","Avatar: Fire and Ash, Frozen","Star Wars: The Rise of Skywalker, Wicked","Get Out, KPop Demon Hunters, Superman (2025)"
1/16/2026 18:18:44,EE,Pen-and-paper math,"Neutral, and I use it when it helps me.",I use AI to explain concepts and check my answers.,11,3,"Get Out, Interstellar, KPop Demon Hunters, My Neighbor Totoro, Spider-Man: Across the Spiderverse, Titanic","Avengers: Endgame, Barbie, Frozen",,,,"Avatar: Fire and Ash, Dune, Star Wars: The Rise of Skywalker, Superman (2025), Wicked"
1/16/2026 18:23:55,ME,"Collecting data (in a ""wet lab"" or other setting)",I dislike it and I avoid it if I can.,"AI mostly does my homework for me, while I study for exams.",11,15,"Interstellar, Superman (2025), Wicked","Avengers: Endgame, Barbie, Frozen",,,,"Avatar: Fire and Ash, Dune, Get Out, KPop Demon Hunters, My Neighbor Totoro, Spider-Man: Across the Spiderverse, Star Wars: The Rise of Skywalker, Titanic"
1/16/2026 18:24:23,ME,Pen-and-paper math,I dislike it and I avoid it if I can.,I don't use AI at all.,8,6,Spider-Man: Across the Spiderverse,"Barbie, Frozen, KPop Demon Hunters, Superman (2025), Wicked",,,,"Avatar: Fire and Ash, Avengers: Endgame, Dune, Get Out, Interstellar, My Neighbor Totoro, Star Wars: The Rise of Skywalker, Titanic"
1/16/2026 18:25:40,ME,Pen-and-paper math,"Neutral, and I use it when it helps me.",I use AI to explain concepts and check my answers.,15,12,,"Barbie, Dune",,,,"Avatar: Fire and Ash, Avengers: Endgame"
1/16/2026 18:27:32,BME,"Collecting data (in a ""wet lab"" or other setting)","Neutral, and I use it when it helps me.",I only use AI to check my answers.,11,12,"Barbie, Interstellar, My Neighbor Totoro",KPop Demon Hunters,"Frozen, Spider-Man: Across the Spiderverse, Titanic, Wicked",,,"Avatar: Fire and Ash, Avengers: Endgame, Dune, Get Out, Star Wars: The Rise of Skywalker, Superman (2025)"
1/16/2026 18:45:15,EE,Pen-and-paper math,"It extremely dangerous but extremely useful, I use it as a tool to help me learn concepts or do simple tasks but overuse can lead to a decline in indpendent ability",only to explain concepts as it isnt the best for accuracy,14,6,Interstellar,"Avengers: Endgame, Spider-Man: Across the Spiderverse, Star Wars: The Rise of Skywalker",Frozen,,Wicked,"Avatar: Fire and Ash, Barbie, Dune, Get Out, KPop Demon Hunters, My Neighbor Totoro, Superman (2025), Titanic"
1/16/2026 18:46:55,EE,Pen-and-paper math,"Neutral, and I use it when it helps me.",I use AI to explain concepts and check my answers.,13,4,,Star Wars: The Rise of Skywalker,Frozen,,,"Avatar: Fire and Ash, Avengers: Endgame, Barbie, Dune, Get Out, Interstellar, KPop Demon Hunters, My Neighbor Totoro, Spider-Man: Across the Spiderverse, Superman (2025), Titanic, Wicked"
1/16/2026 18:51:03,CE,Pen-and-paper math,I like it and I use it wherever possible.,I use AI to explain concepts and check my answers.,11,3,"Frozen, Get Out, KPop Demon Hunters","Avengers: Endgame, Barbie, Superman (2025), Titanic",,,,"Avatar: Fire and Ash, Dune, Interstellar, My Neighbor Totoro, Spider-Man: Across the Spiderverse, Star Wars: The Rise of Skywalker, Wicked"
1/16/2026 18:57:15,ME,Programming algorithms,"Neutral, and I use it when it helps me.",I only use AI to check my answers.,11,5,"Frozen, Spider-Man: Across the Spiderverse",Avengers: Endgame,,,Wicked,"Avatar: Fire and Ash, Barbie, Dune, Get Out, Interstellar, KPop Demon Hunters, My Neighbor Totoro, Star Wars: The Rise of Skywalker, Superman (2025), Titanic"
1/16/2026 19:02:36,ME,Pen-and-paper math,"Neutral, and I use it when it helps me.",I use AI to explain concepts and check my answers.,13,5,"Get Out, Interstellar, My Neighbor Totoro, Star Wars: The Rise of Skywalker","Avengers: Endgame, Barbie, Frozen, Spider-Man: Across the Spiderverse, Titanic",Dune,Wicked,,"Avatar: Fire and Ash, KPop Demon Hunters, Superman (2025)"
1/16/2026 19:07:43,CE,Programming algorithms,"Neutral, and I use it when it helps me.",I use AI to explain concepts and check my answers.,12,22,"Dune, Get Out, Spider-Man: Across the Spiderverse, Wicked","Avatar: Fire and Ash, Avengers: Endgame, Barbie, Frozen, Interstellar, KPop Demon Hunters",Titanic,Superman (2025),,"My Neighbor Totoro, Star Wars: The Rise of Skywalker"
1/16/2026 19:09:12,ME,"Collecting data (in a ""wet lab"" or other setting)","Neutral, and I use it when it helps me.",I use AI to explain concepts and check my answers.,12,8,"Avengers: Endgame, Spider-Man: Across the Spiderverse","Barbie, Dune, My Neighbor Totoro","Frozen, Star Wars: The Rise of Skywalker, Titanic",,,"Avatar: Fire and Ash, Get Out, Interstellar, KPop Demon Hunters, Superman (2025), Wicked"
1/16/2026 19:15:26,ME,Pen-and-paper math,"Neutral, and I use it when it helps me.",I only use AI to check my answers.,16,2,"Frozen, Titanic","Avatar: Fire and Ash, Avengers: Endgame, Interstellar",,Barbie,,
1/16/2026 19:29:49,BME,Pen-and-paper math,"Neutral, and I use it when it helps me.",I use AI to explain concepts and check my answers.,14,18,,,Frozen,"Barbie, My Neighbor Totoro",,"Avatar: Fire and Ash, Avengers: Endgame, Dune, Get Out, Interstellar, KPop Demon Hunters, Spider-Man: Across the Spiderverse, Star Wars: The Rise of Skywalker, Superman (2025), Titanic, Wicked"
1/16/2026 19:48:24,ME,Programming algorithms,"Neutral, and I use it when it helps me.",I use AI to explain concepts and check my answers.,13,7,"Avatar: Fire and Ash, Get Out, My Neighbor Totoro, Spider-Man: Across the Spiderverse","Avengers: Endgame, Frozen, Star Wars: The Rise of Skywalker",Dune,,,"Barbie, Interstellar, KPop Demon Hunters, Superman (2025), Titanic, Wicked"
1/16/2026 20:13:30,ME,Pen-and-paper math,I dislike it and I avoid it if I can.,I don't use AI at all.,11,4,"Frozen, Interstellar, KPop Demon Hunters","Barbie, Dune, Star Wars: The Rise of Skywalker, Wicked",Avengers: Endgame,,,"Avatar: Fire and Ash, Get Out, My Neighbor Totoro, Spider-Man: Across the Spiderverse, Superman (2025), Titanic"
1/16/2026 20:36:58,ME,"Collecting data (in a ""wet lab"" or other setting)","Neutral, and I use it when it helps me.",I use AI to explain concepts and check my answers.,11,5,"Get Out, KPop Demon Hunters, Superman (2025)","Avengers: Endgame, Barbie, Frozen, Spider-Man: Across the Spiderverse, Wicked",Star Wars: The Rise of Skywalker,Titanic,,"Avatar: Fire and Ash, Dune, Interstellar, My Neighbor Totoro"
1/16/2026 20:42:25,BME,Pen-and-paper math,"Neutral, and I use it when it helps me.",I use AI to explain concepts and check my answers.,11,4,"Avengers: Endgame, Interstellar, Spider-Man: Across the Spiderverse, Wicked","Barbie, Frozen, Star Wars: The Rise of Skywalker, Titanic","Dune, Superman (2025)",,,"Avatar: Fire and Ash, Get Out, KPop Demon Hunters, My Neighbor Totoro"
1/16/2026 20:45:31,CE,Writing reports and making presentations,"Neutral, and I use it when it helps me.",I use AI to explain concepts and check my answers.,14,10,"Frozen, Get Out, Interstellar, Spider-Man: Across the Spiderverse, Wicked","Avengers: Endgame, Barbie, My Neighbor Totoro, Titanic",Star Wars: The Rise of Skywalker,Superman (2025),,"Avatar: Fire and Ash, Dune, KPop Demon Hunters"
1/16/2026 21:11:57,ME,Pen-and-paper math,"Neutral, and I use it when it helps me.",I use AI to explain concepts and check my answers.,14,6,,"Avengers: Endgame, Barbie",,,,"Avatar: Fire and Ash, Dune"
1/16/2026 21:16:36,CE,Pen-and-paper math,"Neutral, and I use it when it helps me.","AI mostly does my homework for me, while I study for exams.",12,4,,,Avengers: Endgame,,,"Avatar: Fire and Ash, Barbie, Dune"
1/16/2026 21:58:48,ME,Pen-and-paper math,"Neutral, and I use it when it helps me.",I only use AI to check my answers.,13,10,"Avengers: Endgame, Interstellar, Superman (2025)",Titanic,"Barbie, Dune, Frozen, Wicked",,,"Avatar: Fire and Ash, Get Out, KPop Demon Hunters, My Neighbor Totoro, Spider-Man: Across the Spiderverse, Star Wars: The Rise of Skywalker"
1/16/2026 22:10:24,ME,Pen-and-paper math,I like it and I use it wherever possible.,I use AI to explain concepts and check my answers.,13,2,,"Avengers: Endgame, KPop Demon Hunters, Titanic","Avatar: Fire and Ash, Frozen, Spider-Man: Across the Spiderverse",Barbie,,"Dune, Get Out, Interstellar, My Neighbor Totoro, Star Wars: The Rise of Skywalker, Superman (2025), Wicked"
1/16/2026 22:27:47,BME,Pen-and-paper math,I like it and I use it wherever possible.,I use AI to explain concepts and check my answers.,15,3,"Avengers: Endgame, Dune, Interstellar, Spider-Man: Across the Spiderverse",,"Avatar: Fire and Ash, Barbie","Frozen, Star Wars: The Rise of Skywalker, Superman (2025)",,"Get Out, KPop Demon Hunters, My Neighbor Totoro, Titanic, Wicked"
1/16/2026 23:10:31,EE,Pen-and-paper math,"Neutral, and I use it when it helps me.",I only use AI to check my answers.,12,1,"Get Out, Interstellar","Avengers: Endgame, Dune",Frozen,,,"Avatar: Fire and Ash, Barbie, KPop Demon Hunters, My Neighbor Totoro, Spider-Man: Across the Spiderverse, Star Wars: The Rise of Skywalker, Superman (2025), Titanic, Wicked"
1/16/2026 23:14:10,ME,Pen-and-paper math,"Neutral, and I use it when it helps me.",I use AI to explain concepts and check my answers.,11,2,Spider-Man: Across the Spiderverse,Frozen,,,,"Avatar: Fire and Ash, Avengers: Endgame, Barbie, Dune, Get Out, Interstellar, KPop Demon Hunters, My Neighbor Totoro, Star Wars: The Rise of Skywalker, Superman (2025), Titanic, Wicked"
1/17/2026 1:03:26,EE,Pen-and-paper math,"Neutral, and I use it when it helps me.",I use AI to explain concepts and check my answers.,13,16,,"Avengers: Endgame, Dune",,,,"Avatar: Fire and Ash, Barbie"
1/17/2026 3:37:33,ME,Pen-and-paper math,"Neutral, and I use it when it helps me.",I use AI to explain concepts and check my answers.,12,2,"Avengers: Endgame, Interstellar, Spider-Man: Across the Spiderverse",Get Out,"Frozen, Superman (2025)",,,"Avatar: Fire and Ash, Barbie, Dune, KPop Demon Hunters, My Neighbor Totoro, Star Wars: The Rise of Skywalker, Titanic, Wicked"
1/17/2026 7:03:30,CE,Programming algorithms,I like it and I use it wherever possible.,I use AI to explain concepts and check my answers.,13,16,"Avengers: Endgame, Interstellar, Star Wars: The Rise of Skywalker","Spider-Man: Across the Spiderverse, Titanic",Frozen,,,"Avatar: Fire and Ash, Barbie, Dune, Get Out, KPop Demon Hunters, My Neighbor Totoro, Superman (2025), Wicked"
1/17/2026 8:22:13,EE,Programming algorithms,"Neutral, and I use it when it helps me.",I don't use AI at all.,14,6,,"Avengers: Endgame, Dune, Interstellar","Barbie, Frozen",,,"Avatar: Fire and Ash, Get Out, KPop Demon Hunters, My Neighbor Totoro, Spider-Man: Across the Spiderverse, Star Wars: The Rise of Skywalker, Superman (2025), Titanic, Wicked"
1/17/2026 9:33:09,CE,Pen-and-paper math,"Neutral, and I use it when it helps me.",I use AI to explain concepts and check my answers.,11,2,,Avengers: Endgame,Avatar: Fire and Ash,,,"Barbie, Dune"
1/17/2026 13:20:04,EE,Pen-and-paper math,"Neutral, and I use it when it helps me.",I use AI to explain concepts and check my answers.,13,2,"Avatar: Fire and Ash, Avengers: Endgame, Dune, Frozen, Interstellar, My Neighbor Totoro, Spider-Man: Across the Spiderverse, Star Wars: The Rise of Skywalker","Get Out, KPop Demon Hunters",,,,"Barbie, Superman (2025), Titanic, Wicked"
1/17/2026 14:36:59,BME,Pen-and-paper math,"Neutral, and I use it when it helps me.",I use AI to explain concepts and check my answers.,15,3,,"Get Out, My Neighbor Totoro, Titanic",Barbie,"Frozen, Interstellar",,"Avatar: Fire and Ash, Avengers: Endgame, Dune, KPop Demon Hunters, Spider-Man: Across the Spiderverse, Star Wars: The Rise of Skywalker, Superman (2025), Wicked"
1/17/2026 17:21:49,ME,Writing reports and making presentations,"Neutral, and I use it when it helps me.",I use AI to explain concepts and check my answers.,11,19,My Neighbor Totoro,"Avengers: Endgame, KPop Demon Hunters, Spider-Man: Across the Spiderverse, Wicked",Frozen,,,"Avatar: Fire and Ash, Barbie, Dune, Get Out, Interstellar, Star Wars: The Rise of Skywalker, Superman (2025), Titanic"
1/17/2026 17:29:09,EE,Programming algorithms,"Neutral, and I use it when it helps me.",I use AI to explain concepts and check my answers.,12,1,My Neighbor Totoro,Barbie,Frozen,,Interstellar,"Avatar: Fire and Ash, Avengers: Endgame, Dune, Get Out, KPop Demon Hunters, Spider-Man: Across the Spiderverse, Star Wars: The Rise of Skywalker, Superman (2025), Titanic, Wicked"
1/17/2026 17:32:44,ME,"Collecting data (in a ""wet lab"" or other setting)",I dislike it and I avoid it if I can.,I use AI to explain concepts and check my answers.,13,7,"Frozen, KPop Demon Hunters",Avengers: Endgame,Spider-Man: Across the Spiderverse,"Avatar: Fire and Ash, Get Out",,"Barbie, Dune, Interstellar, My Neighbor Totoro, Star Wars: The Rise of Skywalker, Superman (2025), Titanic, Wicked"
1/17/2026 18:22:14,CE,Pen-and-paper math,I like it and I use it wherever possible.,"AI mostly does my homework for me, while I study for exams.",14,4,"Frozen, Interstellar, Titanic",Star Wars: The Rise of Skywalker,"Avengers: Endgame, Dune, KPop Demon Hunters, Spider-Man: Across the Spiderverse",,,"Avatar: Fire and Ash, Barbie, Get Out, My Neighbor Totoro, Superman (2025), Wicked"
1/17/2026 20:40:16,ME,Writing reports and making presentations,I dislike it and I avoid it if I can.,I don't use AI at all.,11,11,Titanic,"Avengers: Endgame, Barbie, Interstellar, Wicked",Frozen,,,"Avatar: Fire and Ash, Dune, Get Out, KPop Demon Hunters, My Neighbor Totoro, Spider-Man: Across the Spiderverse, Star Wars: The Rise of Skywalker, Superman (2025)"
1/18/2026 3:05:39,BME,Pen-and-paper math,"Neutral, and I use it when it helps me.",I only use AI to check my answers.,14,3,"My Neighbor Totoro, Spider-Man: Across the Spiderverse, Superman (2025)",Barbie,Avengers: Endgame,,,"Avatar: Fire and Ash, Dune, Frozen, Get Out, Interstellar, KPop Demon Hunters, Star Wars: The Rise of Skywalker, Titanic, Wicked"
1/18/2026 5:20:18,ME,Pen-and-paper math,I like it and I use it wherever possible.,I use AI to explain concepts and check my answers.,12,9,"Dune, Frozen, My Neighbor Totoro, Spider-Man: Across the Spiderverse","Barbie, Interstellar, Star Wars: The Rise of Skywalker, Titanic, Wicked",Avatar: Fire and Ash,Get Out,,"Avengers: Endgame, KPop Demon Hunters, Superman (2025)"
1/18/2026 5:52:04,ME,"Collecting data (in a ""wet lab"" or other setting)",I like it and I use it wherever possible.,I use AI to explain concepts and check my answers.,13,25,"Get Out, Interstellar","Avengers: Endgame, Spider-Man: Across the Spiderverse, Star Wars: The Rise of Skywalker, Titanic","Dune, Frozen",,,"Avatar: Fire and Ash, Barbie, KPop Demon Hunters, My Neighbor Totoro, Superman (2025), Wicked"
1/18/2026 8:12:23,EE,Writing reports and making presentations,I like it and I use it wherever possible.,I use AI to explain concepts and check my answers.,11,6,Avengers: Endgame,"Frozen, Interstellar","Avatar: Fire and Ash, Dune, My Neighbor Totoro, Spider-Man: Across the Spiderverse, Superman (2025), Titanic",,,"Barbie, Get Out, KPop Demon Hunters, Star Wars: The Rise of Skywalker, Wicked"
1/18/2026 8:37:40,EE,Writing reports and making presentations,I like it and I use it wherever possible.,I use AI to explain concepts and check my answers.,15,11,"Avatar: Fire and Ash, Avengers: Endgame, Interstellar, My Neighbor Totoro","Barbie, Superman (2025)","Dune, Frozen, Get Out, Spider-Man: Across the Spiderverse",,Star Wars: The Rise of Skywalker,"KPop Demon Hunters, Titanic, Wicked"
1/18/2026 9:52:35,ME,Writing reports and making presentations,"Neutral, and I use it when it helps me.",I use AI to explain concepts and check my answers.,13,2,"Avengers: Endgame, Get Out, Interstellar, My Neighbor Totoro, Spider-Man: Across the Spiderverse, Superman (2025)","Avatar: Fire and Ash, Barbie, Frozen","Titanic, Wicked",,,"Dune, KPop Demon Hunters, Star Wars: The Rise of Skywalker"
1/18/2026 12:51:18,BME,"Collecting data (in a ""wet lab"" or other setting)","Neutral, and I use it when it helps me.",I don't use AI at all.,12,7,,"Frozen, KPop Demon Hunters, Star Wars: The Rise of Skywalker, Titanic","Avengers: Endgame, Wicked",,,"Avatar: Fire and Ash, Barbie, Dune, Get Out, Interstellar, My Neighbor Totoro, Spider-Man: Across the Spiderverse, Superman (2025)"
1/18/2026 13:10:01,ME,"Collecting data (in a ""wet lab"" or other setting)","Neutral, and I use it when it helps me.",I use AI to explain concepts and check my answers.,14,15,"Barbie, Wicked","Avengers: Endgame, Frozen, Interstellar, Spider-Man: Across the Spiderverse, Star Wars: The Rise of Skywalker",Titanic,,,"Avatar: Fire and Ash, Dune, Get Out, KPop Demon Hunters, My Neighbor Totoro, Superman (2025)"
1/18/2026 13:37:50,EE,Pen-and-paper math,I like it and I use it wherever possible.,I use AI to explain concepts and check my answers.,13,15,"Get Out, Interstellar",Avengers: Endgame,"Frozen, Titanic",Wicked,,"Avatar: Fire and Ash, Barbie, Dune, KPop Demon Hunters, My Neighbor Totoro, Spider-Man: Across the Spiderverse, Star Wars: The Rise of Skywalker, Superman (2025)"
1/18/2026 13:37:55,ME,Programming algorithms,I dislike it and I avoid it if I can.,I use AI to explain concepts and check my answers.,10,12,"Avengers: Endgame, Interstellar, Superman (2025)","Barbie, My Neighbor Totoro",Frozen,Star Wars: The Rise of Skywalker,,"Avatar: Fire and Ash, Dune, Get Out, KPop Demon Hunters, Spider-Man: Across the Spiderverse, Titanic, Wicked"
1/18/2026 14:22:08,ME,Pen-and-paper math,"Neutral, and I use it when it helps me.",I only use AI to check my answers.,9,+10 ,Avengers: Endgame,Interstellar,Titanic,,,
1/18/2026 14:30:41,ME,Pen-and-paper math,I like it and I use it wherever possible.,I use AI to explain concepts and check my answers.,10,12,"Avengers: Endgame, Frozen, KPop Demon Hunters, Spider-Man: Across the Spiderverse",,My Neighbor Totoro,,,"Avatar: Fire and Ash, Barbie, Dune, Get Out, Interstellar, Star Wars: The Rise of Skywalker, Superman (2025), Titanic, Wicked"
1/18/2026 15:02:08,EE,Pen-and-paper math,"Neutral, and I use it when it helps me.",I use AI to explain concepts and check my answers.,13,6,"Barbie, Frozen, Interstellar",,,,,"Avatar: Fire and Ash, Avengers: Endgame, Dune, Get Out, KPop Demon Hunters, My Neighbor Totoro, Spider-Man: Across the Spiderverse, Star Wars: The Rise of Skywalker, Superman (2025), Titanic, Wicked"
1/18/2026 16:53:46,ME,Pen-and-paper math,"Neutral, and I use it when it helps me.",I only use AI to check my answers.,11,5,Interstellar,"Avengers: Endgame, Barbie, Get Out, Spider-Man: Across the Spiderverse","Frozen, Superman (2025)",,,"Avatar: Fire and Ash, Dune, KPop Demon Hunters, My Neighbor Totoro, Star Wars: The Rise of Skywalker, Titanic, Wicked"
1/18/2026 18:15:45,ME,Pen-and-paper math,I dislike it and I avoid it if I can.,I don't use AI at all.,12,14,My Neighbor Totoro,"Avengers: Endgame, KPop Demon Hunters, Superman (2025)","Frozen, Spider-Man: Across the Spiderverse",Star Wars: The Rise of Skywalker,,"Avatar: Fire and Ash, Barbie, Dune, Get Out, Interstellar, Titanic, Wicked"
1/18/2026 18:18:06,CE,"Collecting data (in a ""wet lab"" or other setting)","Neutral, and I use it when it helps me.",I use AI to explain concepts and check my answers.,8,6,"Avengers: Endgame, Dune, Interstellar, My Neighbor Totoro, Spider-Man: Across the Spiderverse, Titanic","Avatar: Fire and Ash, KPop Demon Hunters","Barbie, Frozen, Get Out, Star Wars: The Rise of Skywalker, Superman (2025)",,,Wicked
1/18/2026 18:24:28,EE,Pen-and-paper math,I like it and I use it wherever possible.,I use AI to explain concepts and check my answers.,14,30,"Dune, Get Out, Interstellar, Titanic","Avengers: Endgame, Frozen, Spider-Man: Across the Spiderverse, Superman (2025)",Star Wars: The Rise of Skywalker,,Barbie,"Avatar: Fire and Ash, KPop Demon Hunters, My Neighbor Totoro, Wicked"
1/18/2026 20:40:49,EE,Pen-and-paper math,"Neutral, and I use it when it helps me.",I use AI to explain concepts and check my answers.,11,6,"Avengers: Endgame, Dune, Frozen, Interstellar, Spider-Man: Across the Spiderverse, Titanic","Barbie, My Neighbor Totoro",KPop Demon Hunters,Star Wars: The Rise of Skywalker,,"Avatar: Fire and Ash, Get Out, Superman (2025), Wicked"
1/18/2026 20:41:15,ME,Pen-and-paper math,I like it a lot its a great tool for teaching,I use AI to explain concepts and check my answers.,12,6,Get Out,"Interstellar, Star Wars: The Rise of Skywalker, Superman (2025)","Avengers: Endgame, Barbie, Frozen, Spider-Man: Across the Spiderverse",,,"Avatar: Fire and Ash, Dune, KPop Demon Hunters, My Neighbor Totoro, Titanic, Wicked"
1/18/2026 20:56:15,ME,Programming algorithms,I dislike it and I avoid it if I can.,I only use AI to check my answers.,11,16,"Dune, Interstellar, KPop Demon Hunters, My Neighbor Totoro, Spider-Man: Across the Spiderverse","Avengers: Endgame, Barbie, Frozen, Get Out",,,Star Wars: The Rise of Skywalker,"Avatar: Fire and Ash, Superman (2025), Titanic, Wicked"
1/18/2026 21:05:13,EE,"Collecting data (in a ""wet lab"" or other setting)","Neutral, and I use it when it helps me.",I use AI to explain concepts and check my answers.,14,2,"Superman (2025), Wicked","Barbie, Frozen","KPop Demon Hunters, My Neighbor Totoro",,,"Avatar: Fire and Ash, Avengers: Endgame, Dune, Get Out, Interstellar, Spider-Man: Across the Spiderverse, Star Wars: The Rise of Skywalker, Titanic"
1/18/2026 21:30:35,EE,Pen-and-paper math,"Neutral, and I use it when it helps me.",I use AI to explain concepts and check my answers.,14,2,"Dune, My Neighbor Totoro, Spider-Man: Across the Spiderverse, Superman (2025)","Avengers: Endgame, Barbie, Get Out, Interstellar, Wicked","Frozen, KPop Demon Hunters, Star Wars: The Rise of Skywalker",,,"Avatar: Fire and Ash, Titanic"
1/18/2026 22:24:46,EE,Writing reports and making presentations,"Neutral, and I use it when it helps me.",I use AI to explain concepts and check my answers.,12,1,"Avengers: Endgame, Spider-Man: Across the Spiderverse","Get Out, Interstellar, KPop Demon Hunters, Star Wars: The Rise of Skywalker",,,,"Avatar: Fire and Ash, Barbie, Dune, Frozen, My Neighbor Totoro, Superman (2025), Titanic, Wicked"
1/18/2026 22:38:39,BME,"Collecting data (in a ""wet lab"" or other setting)","Neutral, and I use it when it helps me.",I only use AI to check my answers.,15,5,"Barbie, Dune, Frozen, Get Out, Spider-Man: Across the Spiderverse, Superman (2025), Wicked","Avengers: Endgame, Interstellar, My Neighbor Totoro, Titanic","Avatar: Fire and Ash, Star Wars: The Rise of Skywalker",KPop Demon Hunters,,
1/18/2026 22:42:18,ME,Pen-and-paper math,"Neutral, and I use it when it helps me.",explain concepts and steps to solving answers (not just for the answer),14,11,My Neighbor Totoro,"Avengers: Endgame, Frozen, Wicked",Barbie,KPop Demon Hunters,,"Avatar: Fire and Ash, Dune, Get Out, Interstellar, Spider-Man: Across the Spiderverse, Star Wars: The Rise of Skywalker, Superman (2025), Titanic"
1/18/2026 23:11:49,BME,Programming algorithms,"Neutral, and I use it when it helps me.",I use AI to explain concepts and check my answers.,13,5,"Dune, Interstellar","Frozen, Star Wars: The Rise of Skywalker",Barbie,,,"Avatar: Fire and Ash, Avengers: Endgame, Get Out, KPop Demon Hunters, My Neighbor Totoro, Spider-Man: Across the Spiderverse, Superman (2025), Titanic, Wicked"
1/18/2026 23:15:32,EE,Pen-and-paper math,"Neutral, and I use it when it helps me.",I don't use AI at all.,11,1,"Dune, KPop Demon Hunters, Spider-Man: Across the Spiderverse","Avengers: Endgame, Barbie, Get Out, Superman (2025), Titanic, Wicked",Frozen,Interstellar,Star Wars: The Rise of Skywalker,"Avatar: Fire and Ash, My Neighbor Totoro"
1/19/2026 1:13:11,CE,Programming algorithms,"Neutral, and I use it when it helps me.",I only use AI to check my answers.,13,6,"Avengers: Endgame, Interstellar, Spider-Man: Across the Spiderverse","Dune, KPop Demon Hunters, Star Wars: The Rise of Skywalker","Frozen, Titanic",,,"Avatar: Fire and Ash, Barbie, Get Out, My Neighbor Totoro, Superman (2025), Wicked"
1/19/2026 2:48:28,ME,Pen-and-paper math,"Neutral, and I use it when it helps me.",I use AI to explain concepts and check my answers.,11,1,"Avengers: Endgame, Barbie, Spider-Man: Across the Spiderverse","Frozen, Interstellar, Superman (2025)",KPop Demon Hunters,Star Wars: The Rise of Skywalker,,"Avatar: Fire and Ash, Dune, Get Out, My Neighbor Totoro, Titanic, Wicked"
1/19/2026 5:37:47,BME,Programming algorithms,"Neutral, and I use it when it helps me.",I use AI to explain concepts and check my answers.,13,13,"Avengers: Endgame, Dune, Get Out, Interstellar","My Neighbor Totoro, Spider-Man: Across the Spiderverse","Barbie, Frozen",Star Wars: The Rise of Skywalker,,"Avatar: Fire and Ash, KPop Demon Hunters, Superman (2025), Titanic, Wicked"
1/19/2026 5:42:00,ME,Pen-and-paper math,"Neutral, and I use it when it helps me.",I use AI to explain concepts and check my answers.,11,2,"Interstellar, My Neighbor Totoro","Frozen, KPop Demon Hunters",,,,"Avatar: Fire and Ash, Avengers: Endgame, Barbie, Dune, Get Out, Spider-Man: Across the Spiderverse, Star Wars: The Rise of Skywalker, Superman (2025), Titanic, Wicked"
1/19/2026 9:05:39,ME,Pen-and-paper math,I like it and I use it wherever possible.,I only use AI to check my answers.,14,9,"Avatar: Fire and Ash, Spider-Man: Across the Spiderverse, Superman (2025)","Avengers: Endgame, Barbie, Frozen, Interstellar, My Neighbor Totoro, Star Wars: The Rise of Skywalker",Get Out,KPop Demon Hunters,Dune,"Titanic, Wicked"
1/19/2026 10:33:08,BME,"Collecting data (in a ""wet lab"" or other setting)",I like it and I use it wherever possible.,I use AI to explain concepts and check my answers.,11,10,"Avengers: Endgame, Interstellar, KPop Demon Hunters, Spider-Man: Across the Spiderverse","Barbie, Frozen, Superman (2025)","Star Wars: The Rise of Skywalker, Titanic",,,"Avatar: Fire and Ash, Dune, Get Out, My Neighbor Totoro, Wicked"
1/19/2026 11:01:59,BME,"Collecting data (in a ""wet lab"" or other setting)","Neutral, and I use it when it helps me.",I use AI to explain concepts and check my answers.,14,15,"Avengers: Endgame, Barbie, Interstellar, KPop Demon Hunters","Avatar: Fire and Ash, Frozen, My Neighbor Totoro, Spider-Man: Across the Spiderverse","Star Wars: The Rise of Skywalker, Titanic, Wicked",,,"Dune, Get Out, Superman (2025)"
1/19/2026 11:29:43,CE,"Collecting data (in a ""wet lab"" or other setting)","Neutral, and I use it when it helps me.",I use AI to explain concepts and check my answers.,12,5,,Avengers: Endgame,,,,"Avatar: Fire and Ash, Barbie, Dune"
1/19/2026 14:02:44,ME,Pen-and-paper math,"Neutral, and I use it when it helps me.",I use AI to explain concepts and check my answers.,10,4,"Avengers: Endgame, Dune, Interstellar","Avatar: Fire and Ash, Frozen, Spider-Man: Across the Spiderverse, Star Wars: The Rise of Skywalker","KPop Demon Hunters, Superman (2025)",,,"Barbie, Get Out, My Neighbor Totoro, Titanic, Wicked"
1/19/2026 14:27:57,BME,Pen-and-paper math,"Neutral, and I use it when it helps me.",I use AI to explain concepts and check my answers.,11,9,"Avengers: Endgame, Frozen, Interstellar, Titanic","Barbie, Wicked",Dune,,,"Avatar: Fire and Ash, Get Out, KPop Demon Hunters, My Neighbor Totoro, Spider-Man: Across the Spiderverse, Star Wars: The Rise of Skywalker, Superman (2025)"
1/19/2026 14:33:44,ME,Writing reports and making presentations,"Neutral, and I use it when it helps me.",I use AI to explain concepts and check my answers.,10,8,"Frozen, My Neighbor Totoro","Dune, Get Out, Titanic","Barbie, Wicked",,,"Avatar: Fire and Ash, Avengers: Endgame, Interstellar, KPop Demon Hunters, Spider-Man: Across the Spiderverse, Star Wars: The Rise of Skywalker, Superman (2025)"
1/19/2026 15:15:26,EE,Pen-and-paper math,"Neutral, and I use it when it helps me.",I use AI to explain concepts and check my answers.,13,1,"Avengers: Endgame, Barbie",,,,,"Avatar: Fire and Ash, Dune"
1/19/2026 15:19:16,ME,"Collecting data (in a ""wet lab"" or other setting)","Neutral, and I use it when it helps me.",I only use AI to check my answers.,14,6,"Avengers: Endgame, Barbie, Spider-Man: Across the Spiderverse",Frozen,Star Wars: The Rise of Skywalker,,,"Avatar: Fire and Ash, Dune, Get Out, Interstellar, KPop Demon Hunters, My Neighbor Totoro, Superman (2025), Titanic, Wicked"
1/19/2026 15:39:36,ME,Pen-and-paper math,I dislike it and I avoid it if I can.,I only use AI to check my answers.,12,9,"Avengers: Endgame, Dune, Frozen, My Neighbor Totoro, Spider-Man: Across the Spiderverse, Wicked",Barbie,Star Wars: The Rise of Skywalker,,,"Avatar: Fire and Ash, Get Out, Interstellar, KPop Demon Hunters, Superman (2025)"
1/19/2026 15:49:21,CE,Pen-and-paper math,I like it and I use it wherever possible.,I use AI to explain concepts and check my answers.,11,3,"Avengers: Endgame, Spider-Man: Across the Spiderverse","Barbie, Interstellar, KPop Demon Hunters",Frozen,,,"Avatar: Fire and Ash, Dune, Get Out, My Neighbor Totoro, Star Wars: The Rise of Skywalker, Superman (2025), Titanic, Wicked"
1/19/2026 15:53:49,CE,Programming algorithms,I like it and I use it wherever possible.,I use AI to explain concepts and check my answers.,10,12,"Avengers: Endgame, Interstellar, Spider-Man: Across the Spiderverse","Barbie, Dune, Frozen, KPop Demon Hunters, Superman (2025), Titanic, Wicked",Star Wars: The Rise of Skywalker,,Avatar: Fire and Ash,"Get Out, My Neighbor Totoro"
1/19/2026 15:59:33,CE,Programming algorithms,I like it and I use it wherever possible.,I use AI to explain concepts and check my answers.,11,7,"Interstellar, Spider-Man: Across the Spiderverse","Avengers: Endgame, Barbie, Frozen",,,,"Avatar: Fire and Ash, Dune, Get Out, KPop Demon Hunters, My Neighbor Totoro, Star Wars: The Rise of Skywalker, Superman (2025), Titanic, Wicked"
1/19/2026 16:31:00,ME,Pen-and-paper math,I dislike it and I avoid it if I can.,I don't use AI at all.,11,4,"My Neighbor Totoro, Spider-Man: Across the Spiderverse","Barbie, KPop Demon Hunters, Superman (2025)","Avengers: Endgame, Frozen, Star Wars: The Rise of Skywalker, Titanic",,,"Avatar: Fire and Ash, Dune, Get Out, Interstellar, Wicked"
1/19/2026 16:35:03,ME,Pen-and-paper math,I dislike it and I avoid it if I can.,I don't use AI at all.,15,28,Avengers: Endgame,,,,,"Avatar: Fire and Ash, Barbie, Dune"
1/19/2026 16:46:46,EE,Pen-and-paper math,"Neutral, and I use it when it helps me.",I use AI to explain concepts and check my answers.,10,12,Interstellar,"Dune, Frozen, Star Wars: The Rise of Skywalker, Titanic",,,,"Avatar: Fire and Ash, Avengers: Endgame, Barbie, Get Out, KPop Demon Hunters, My Neighbor Totoro, Spider-Man: Across the Spiderverse, Superman (2025), Wicked"
1/19/2026 17:07:21,Undecided,Pen-and-paper math,I like it and I use it wherever possible.,I use AI to explain concepts and check my answers.,14,3,"Interstellar, Titanic","Avengers: Endgame, Frozen, My Neighbor Totoro, Spider-Man: Across the Spiderverse",Barbie,"Dune, Star Wars: The Rise of Skywalker",,"Avatar: Fire and Ash, Get Out, KPop Demon Hunters, Superman (2025), Wicked"
1/19/2026 17:14:07,CE,Programming algorithms,"Neutral, and I use it when it helps me.",I only use AI to check my answers.,12,2,,Avengers: Endgame,Star Wars: The Rise of Skywalker,,,"Avatar: Fire and Ash, Barbie, Dune, Frozen, Get Out, Interstellar, KPop Demon Hunters, My Neighbor Totoro, Spider-Man: Across the Spiderverse, Superman (2025), Titanic, Wicked"
1/19/2026 17:19:19,ME,Pen-and-paper math,"Neutral, and I use it when it helps me.",I use AI to explain concepts and check my answers.,11,3,"Avengers: Endgame, Frozen, Get Out, Spider-Man: Across the Spiderverse, Superman (2025)",,"Barbie, Star Wars: The Rise of Skywalker",,,"Avatar: Fire and Ash, Dune, Interstellar, KPop Demon Hunters, My Neighbor Totoro, Titanic, Wicked"
1/19/2026 17:20:39,EE,Pen-and-paper math,I dislike it and I avoid it if I can.,I use AI to explain concepts and check my answers.,10,6,Dune,,Avengers: Endgame,,,"Avatar: Fire and Ash, Barbie"
1/19/2026 17:23:38,CE,Programming algorithms,"Neutral, and I use it when it helps me.",I use AI to explain concepts and check my answers.,13,3,"Dune, Interstellar","Avengers: Endgame, Get Out, Spider-Man: Across the Spiderverse","Frozen, Star Wars: The Rise of Skywalker",,,"Avatar: Fire and Ash, Barbie, KPop Demon Hunters, My Neighbor Totoro, Superman (2025), Titanic, Wicked"
1/19/2026 17:26:46,BME,"Collecting data (in a ""wet lab"" or other setting)","Neutral, and I use it when it helps me.",I use AI to explain concepts and check my answers.,12,10,"Barbie, Dune, Frozen, Get Out, Interstellar, Titanic","Star Wars: The Rise of Skywalker, Wicked",,,,"Avatar: Fire and Ash, Avengers: Endgame, KPop Demon Hunters, My Neighbor Totoro, Spider-Man: Across the Spiderverse, Superman (2025)"
1/19/2026 17:27:56,EE,Programming algorithms,I like it and I use it wherever possible.,I use AI to explain concepts and check my answers.,10,6,Dune,"Avengers: Endgame, Barbie",,,,"Avatar: Fire and Ash, Frozen, Get Out, Interstellar, KPop Demon Hunters, My Neighbor Totoro, Spider-Man: Across the Spiderverse, Star Wars: The Rise of Skywalker, Superman (2025), Titanic, Wicked"
1/19/2026 17:55:57,CE,Programming algorithms,I like it and I use it wherever possible.,I use AI to explain concepts and check my answers.,11,23,"Dune, My Neighbor Totoro, Spider-Man: Across the Spiderverse, Star Wars: The Rise of Skywalker","Avatar: Fire and Ash, Avengers: Endgame, Frozen, Interstellar, Superman (2025)","Barbie, Titanic",,,"Get Out, KPop Demon Hunters, Wicked"
1/19/2026 17:57:17,EE,Programming algorithms,"Neutral, and I use it when it helps me.",I use AI to explain concepts and check my answers.,11,5,"Spider-Man: Across the Spiderverse, Titanic","Avengers: Endgame, Superman (2025)","Barbie, Frozen",,,"Avatar: Fire and Ash, Dune, Get Out, Interstellar, KPop Demon Hunters, My Neighbor Totoro, Star Wars: The Rise of Skywalker, Wicked"
1/19/2026 17:57:58,EE,Pen-and-paper math,I like it and I use it wherever possible.,I use AI to explain concepts and check my answers.,13,6,"Frozen, Interstellar","Avengers: Endgame, Titanic, Wicked","Barbie, Spider-Man: Across the Spiderverse",Star Wars: The Rise of Skywalker,,"Avatar: Fire and Ash, Dune, Get Out, KPop Demon Hunters, My Neighbor Totoro, Superman (2025)"
1/19/2026 18:01:32,ME,Pen-and-paper math,"Neutral, and I use it when it helps me.",I use AI to explain concepts and check my answers.,9,13,"Avengers: Endgame, Dune, Interstellar, KPop Demon Hunters, My Neighbor Totoro, Spider-Man: Across the Spiderverse, Superman (2025)","Barbie, Titanic",Frozen,,,"Avatar: Fire and Ash, Get Out, Star Wars: The Rise of Skywalker, Wicked"
1/19/2026 18:01:42,EE,Pen-and-paper math,"Neutral, and I use it when it helps me.",I use AI to explain concepts and check my answers.,12,2,"Dune, Get Out, Interstellar, Spider-Man: Across the Spiderverse, Superman (2025)","Avengers: Endgame, My Neighbor Totoro",Frozen,,Star Wars: The Rise of Skywalker,"Avatar: Fire and Ash, Barbie, KPop Demon Hunters, Titanic, Wicked"
1/19/2026 18:06:00,ME,Pen-and-paper math,"Neutral, and I use it when it helps me.",I use AI to explain concepts and check my answers.,14,5,,"Avengers: Endgame, Barbie",,,,"Avatar: Fire and Ash, Dune"
1/19/2026 18:11:16,ME,Pen-and-paper math,"Neutral, and I use it when it helps me.",I use AI to explain concepts and check my answers.,10,6,"Avatar: Fire and Ash, Dune, Interstellar, Superman (2025)","Avengers: Endgame, Barbie, Get Out, Spider-Man: Across the Spiderverse, Star Wars: The Rise of Skywalker","Frozen, Titanic",Wicked,,"KPop Demon Hunters, My Neighbor Totoro"
1/19/2026 18:30:21,CE,Programming algorithms,I dislike it and I avoid it if I can.,I don't use AI at all.,14,2,"Barbie, My Neighbor Totoro",,"Avengers: Endgame, Frozen, Wicked",Superman (2025),,"Avatar: Fire and Ash, Dune, Get Out, Interstellar, KPop Demon Hunters, Spider-Man: Across the Spiderverse, Star Wars: The Rise of Skywalker, Titanic"
1/19/2026 18:32:39,CE,Pen-and-paper math,"Neutral, and I use it when it helps me.",I don't use AI at all.,11,3,,,"Frozen, Titanic",,,"Avatar: Fire and Ash, Avengers: Endgame, Barbie, Dune, Get Out, Interstellar, KPop Demon Hunters, My Neighbor Totoro, Spider-Man: Across the Spiderverse, Star Wars: The Rise of Skywalker, Superman (2025), Wicked"
1/19/2026 18:34:44,ME,Pen-and-paper math,"Neutral, and I use it when it helps me.",I use AI to explain concepts and check my answers.,13,3,"Avengers: Endgame, Interstellar, Spider-Man: Across the Spiderverse, Superman (2025)","Barbie, Dune, KPop Demon Hunters, Titanic",Wicked,,Star Wars: The Rise of Skywalker,"Avatar: Fire and Ash, Frozen, Get Out, My Neighbor Totoro"
1/19/2026 18:35:04,ME,Writing reports and making presentations,I like it and I use it wherever possible.,I only use AI to check my answers.,13,1,"Avatar: Fire and Ash, Spider-Man: Across the Spiderverse","Barbie, KPop Demon Hunters",Frozen,,,"Avengers: Endgame, Dune, Get Out, Interstellar, My Neighbor Totoro, Star Wars: The Rise of Skywalker, Superman (2025), Titanic, Wicked"
1/19/2026 19:01:12,BME,Pen-and-paper math,I like it and I use it wherever possible.,I use AI to explain concepts and check my answers.,11,4,,"Avengers: Endgame, Spider-Man: Across the Spiderverse",Dune,Barbie,Superman (2025),"Avatar: Fire and Ash, Frozen, Get Out, Interstellar, KPop Demon Hunters, My Neighbor Totoro, Star Wars: The Rise of Skywalker, Titanic, Wicked"
1/19/2026 19:16:40,CE,Programming algorithms,"Neutral, and I use it when it helps me.",I use AI to explain concepts and check my answers.,10,10,,"Dune, Interstellar",,,,"Avatar: Fire and Ash, Avengers: Endgame, Barbie, Frozen, Get Out, KPop Demon Hunters, My Neighbor Totoro, Spider-Man: Across the Spiderverse, Star Wars: The Rise of Skywalker, Superman (2025), Titanic, Wicked"
1/19/2026 19:30:10,ME,Pen-and-paper math,"Neutral, and I use it when it helps me.",I only use AI to check my answers.,12,2,"Interstellar, Wicked","Avengers: Endgame, Barbie, Superman (2025), Titanic","Frozen, KPop Demon Hunters",,,"Avatar: Fire and Ash, Dune, Get Out, My Neighbor Totoro, Spider-Man: Across the Spiderverse, Star Wars: The Rise of Skywalker"
1/19/2026 19:35:41,ME,Pen-and-paper math,"Neutral, and I use it when it helps me.",I use AI to explain concepts and check my answers.,12,2,"Avengers: Endgame, Interstellar, Spider-Man: Across the Spiderverse","Barbie, Frozen, KPop Demon Hunters",Titanic,Dune,,"Avatar: Fire and Ash, Get Out, My Neighbor Totoro, Star Wars: The Rise of Skywalker, Superman (2025), Wicked"
1/19/2026 19:45:25,ME,Pen-and-paper math,"Neutral, and I use it when it helps me.",I only use AI to check my answers.,12,3,"Avatar: Fire and Ash, Avengers: Endgame, Dune, Interstellar, Spider-Man: Across the Spiderverse, Titanic",,Frozen,,,"Barbie, Get Out, KPop Demon Hunters, My Neighbor Totoro, Star Wars: The Rise of Skywalker, Superman (2025), Wicked"
1/19/2026 20:05:11,BME,Pen-and-paper math,"Neutral, and I use it when it helps me.",I use AI to explain concepts and check my answers.,10,10,Star Wars: The Rise of Skywalker,Avengers: Endgame,,,,"Avatar: Fire and Ash, Barbie, Dune, Frozen, Get Out, Interstellar, KPop Demon Hunters, My Neighbor Totoro, Spider-Man: Across the Spiderverse, Superman (2025), Titanic, Wicked"
1/19/2026 20:07:00,ME,"Collecting data (in a ""wet lab"" or other setting)","Neutral, and I use it when it helps me.",I only use AI to check my answers.,13,2,"Avengers: Endgame, Interstellar, Spider-Man: Across the Spiderverse, Superman (2025)",,"Barbie, Frozen, Titanic",,,"Avatar: Fire and Ash, Dune, Get Out, KPop Demon Hunters, My Neighbor Totoro, Star Wars: The Rise of Skywalker, Wicked"
1/19/2026 21:13:27,BME,"Collecting data (in a ""wet lab"" or other setting)","Neutral, and I use it when it helps me.",I use AI to explain concepts and check my answers.,13,4,"Interstellar, My Neighbor Totoro","Frozen, Titanic, Wicked","Barbie, Dune",Avatar: Fire and Ash,,"Avengers: Endgame, Get Out, KPop Demon Hunters, Spider-Man: Across the Spiderverse, Star Wars: The Rise of Skywalker, Superman (2025)"
1/19/2026 21:19:20,BME,"Collecting data (in a ""wet lab"" or other setting)",I dislike it and I avoid it if I can.,I use AI to explain concepts and check my answers.,12,5,,"Avengers: Endgame, Get Out, Interstellar, My Neighbor Totoro, Spider-Man: Across the Spiderverse, Superman (2025), Titanic","Frozen, KPop Demon Hunters, Star Wars: The Rise of Skywalker",,,"Avatar: Fire and Ash, Barbie, Dune, Wicked"
1/19/2026 21:22:24,BME,Programming algorithms,"Neutral, and I use it when it helps me.",I don't use AI at all.,13,4,"Avatar: Fire and Ash, Avengers: Endgame, Barbie, Get Out, Interstellar, KPop Demon Hunters, Spider-Man: Across the Spiderverse, Superman (2025)","Frozen, Wicked","My Neighbor Totoro, Titanic",,,"Dune, Star Wars: The Rise of Skywalker"
1/19/2026 21:23:13,EE,Pen-and-paper math,I dislike it and I avoid it if I can.,I use AI to explain concepts and check my answers.,14,31,"Avengers: Endgame, Get Out, My Neighbor Totoro, Superman (2025)","Interstellar, KPop Demon Hunters, Spider-Man: Across the Spiderverse, Titanic",,Star Wars: The Rise of Skywalker,,"Avatar: Fire and Ash, Barbie, Dune, Frozen, Wicked"
1/19/2026 21:31:58,ME,Programming algorithms,"Neutral, and I use it when it helps me.",I use AI to understand a concept more deeply after I miss a question.,12,16,Interstellar,"Dune, Spider-Man: Across the Spiderverse","Frozen, Star Wars: The Rise of Skywalker, Titanic",Avengers: Endgame,,"Avatar: Fire and Ash, Barbie, Get Out, KPop Demon Hunters, My Neighbor Totoro, Superman (2025), Wicked"
1/19/2026 21:35:41,EE,Programming algorithms,"Neutral, and I use it when it helps me.",I don't use AI at all.,13,2,Spider-Man: Across the Spiderverse,Get Out,"Barbie, Frozen",Titanic,,"Avatar: Fire and Ash, Avengers: Endgame, Dune, Interstellar, KPop Demon Hunters, My Neighbor Totoro, Star Wars: The Rise of Skywalker, Superman (2025), Wicked"
1/19/2026 21:43:09,ME,Pen-and-paper math,I dislike it and I avoid it if I can.,I only use AI to check my answers.,15,14,My Neighbor Totoro,"Barbie, Interstellar, Spider-Man: Across the Spiderverse, Wicked","Avengers: Endgame, Frozen, Superman (2025), Titanic",,,"Avatar: Fire and Ash, Dune, Get Out, KPop Demon Hunters, Star Wars: The Rise of Skywalker"
1/19/2026 21:45:52,ME,"Collecting data (in a ""wet lab"" or other setting)","Neutral, and I use it when it helps me.",I use AI to explain concepts and check my answers.,13,2,"Avengers: Endgame, My Neighbor Totoro, Spider-Man: Across the Spiderverse, Star Wars: The Rise of Skywalker, Superman (2025)",Frozen,,,,"Avatar: Fire and Ash, Barbie, Dune, Get Out, Interstellar, KPop Demon Hunters, Titanic, Wicked"
1/19/2026 22:05:16,BME,Programming algorithms,"Neutral, and I use it when it helps me.",I use AI to explain concepts and check my answers.,7,9,,,"Avatar: Fire and Ash, Avengers: Endgame, Barbie, Dune, Frozen, Get Out, Interstellar, KPop Demon Hunters, My Neighbor Totoro, Spider-Man: Across the Spiderverse, Star Wars: The Rise of Skywalker, Superman (2025), Titanic, Wicked",,,
1/19/2026 22:05:16,EE,Programming algorithms,"Neutral, and I use it when it helps me.",I only use AI to check my answers.,10,20,,,Barbie,,,"Avatar: Fire and Ash, Avengers: Endgame, Dune, Frozen, Get Out, Interstellar, KPop Demon Hunters, My Neighbor Totoro, Spider-Man: Across the Spiderverse, Star Wars: The Rise of Skywalker, Superman (2025), Titanic, Wicked"
1/19/2026 22:39:06,BME,"Collecting data (in a ""wet lab"" or other setting)",I like it and I use it wherever possible.,I use AI to explain concepts and check my answers.,14,11,"Avengers: Endgame, Star Wars: The Rise of Skywalker, Superman (2025), Titanic","Frozen, Interstellar",Get Out,,,"Avatar: Fire and Ash, Barbie, Dune, KPop Demon Hunters, My Neighbor Totoro, Spider-Man: Across the Spiderverse, Wicked"
1/19/2026 22:44:26,BME,Pen-and-paper math,I dislike it and use it when it helps me,I only use AI to check my answers.,13,9,"Avengers: Endgame, Interstellar, Spider-Man: Across the Spiderverse","Barbie, Frozen, Superman (2025), Titanic, Wicked",,,,"Avatar: Fire and Ash, Dune, Get Out, KPop Demon Hunters, My Neighbor Totoro, Star Wars: The Rise of Skywalker"
1/19/2026 22:51:51,ME,"Collecting data (in a ""wet lab"" or other setting)","Neutral, and I use it when it helps me.",I don't use AI at all.,14,2,"Dune, My Neighbor Totoro, Spider-Man: Across the Spiderverse","Avengers: Endgame, Barbie, Frozen, Interstellar, KPop Demon Hunters",,,,"Avatar: Fire and Ash, Get Out, Star Wars: The Rise of Skywalker, Superman (2025), Titanic, Wicked"
1/19/2026 23:38:14,ME,Pen-and-paper math,"Neutral, and I use it when it helps me.",I only use AI to check my answers.,12,3,"Frozen, Interstellar, Superman (2025)","Barbie, KPop Demon Hunters, Spider-Man: Across the Spiderverse, Titanic",Dune,,,"Avatar: Fire and Ash, Avengers: Endgame, Get Out, My Neighbor Totoro, Star Wars: The Rise of Skywalker, Wicked"
1/19/2026 23:53:28,ME,Pen-and-paper math,"Neutral, and I use it when it helps me.",I use AI to explain concepts and check my answers.,13,11,"Frozen, Spider-Man: Across the Spiderverse, Wicked","Avengers: Endgame, KPop Demon Hunters, Star Wars: The Rise of Skywalker",Barbie,,,"Avatar: Fire and Ash, Dune, Get Out, Interstellar, My Neighbor Totoro, Superman (2025), Titanic"
1/20/2026 0:07:56,BME,Programming algorithms,"Neutral, and I use it when it helps me.",I use AI to explain concepts and check my answers.,14,14,"My Neighbor Totoro, Spider-Man: Across the Spiderverse","Avengers: Endgame, Dune, Frozen, Interstellar, Titanic",,,,"Avatar: Fire and Ash, Barbie, Get Out, KPop Demon Hunters, Star Wars: The Rise of Skywalker, Superman (2025), Wicked"
1/20/2026 0:18:05,CE,Pen-and-paper math,I like it and I use it wherever possible.,I use AI to explain concepts and check my answers.,11,2,"Avengers: Endgame, Frozen, Spider-Man: Across the Spiderverse","Interstellar, Superman (2025), Titanic",Barbie,Star Wars: The Rise of Skywalker,,"Avatar: Fire and Ash, Dune, Get Out, KPop Demon Hunters, My Neighbor Totoro, Wicked"
1/20/2026 1:05:44,BME,Programming algorithms,I like it and I use it wherever possible.,I use AI to explain concepts and check my answers.,15,2,"Interstellar, Spider-Man: Across the Spiderverse","Avengers: Endgame, KPop Demon Hunters","Barbie, Frozen, Star Wars: The Rise of Skywalker, Superman (2025)",,,"Avatar: Fire and Ash, Dune, Get Out, My Neighbor Totoro, Titanic, Wicked"
1/20/2026 1:59:57,CE,"Collecting data (in a ""wet lab"" or other setting)",I like it and I use it wherever possible.,I use AI to explain concepts and check my answers.,10,4,"Interstellar, Spider-Man: Across the Spiderverse","Avengers: Endgame, Frozen, My Neighbor Totoro",Get Out,,,"Avatar: Fire and Ash, Barbie, Dune, KPop Demon Hunters, Star Wars: The Rise of Skywalker, Superman (2025), Titanic, Wicked"
1/20/2026 3:51:25,EE,Pen-and-paper math,"Neutral, and I use it when it helps me.",I use AI to explain concepts and check my answers.,12,3,Interstellar,"Avengers: Endgame, Barbie, Dune, Spider-Man: Across the Spiderverse, Star Wars: The Rise of Skywalker, Titanic","Frozen, Superman (2025)",,,"Avatar: Fire and Ash, Get Out, KPop Demon Hunters, My Neighbor Totoro, Wicked"
1/20/2026 5:45:49,ME,Pen-and-paper math,"Neutral, and I use it when it helps me.",I use AI to explain concepts and check my answers.,14,9,"Avengers: Endgame, Frozen, My Neighbor Totoro","Dune, Interstellar","KPop Demon Hunters, Wicked",,,"Avatar: Fire and Ash, Barbie, Get Out, Spider-Man: Across the Spiderverse, Star Wars: The Rise of Skywalker, Superman (2025), Titanic"
1/20/2026 6:21:54,CE,Writing reports and making presentations,"Neutral, and I use it when it helps me.",I use AI to explain concepts and check my answers.,13,5,"Avatar: Fire and Ash, Avengers: Endgame",Dune,"Barbie, Frozen, Get Out, Star Wars: The Rise of Skywalker",,,"Interstellar, KPop Demon Hunters, My Neighbor Totoro, Spider-Man: Across the Spiderverse, Superman (2025), Titanic, Wicked"
1/20/2026 7:51:55,BME,Pen-and-paper math,I like it and I use it wherever possible.,I only use AI to check my answers.,10,11,"Avengers: Endgame, Frozen, Interstellar","Dune, Spider-Man: Across the Spiderverse, Superman (2025), Titanic","My Neighbor Totoro, Star Wars: The Rise of Skywalker",,,"Avatar: Fire and Ash, Barbie, Get Out, KPop Demon Hunters, Wicked"
1/20/2026 9:30:17,Undecided,Programming algorithms,OpenAI,I use AI to explain concepts and check my answers.,12,1,"Barbie, Frozen",,,,,"Avatar: Fire and Ash, Avengers: Endgame, Dune"
1/20/2026 9:54:27,EE,Programming algorithms,I like it and I use it wherever possible.,I use AI to explain concepts and check my answers.,9,5,"Avengers: Endgame, Interstellar, Spider-Man: Across the Spiderverse, Superman (2025)","Barbie, Frozen, KPop Demon Hunters, Titanic",Get Out,,,"Avatar: Fire and Ash, Dune, My Neighbor Totoro, Star Wars: The Rise of Skywalker, Wicked"
1/20/2026 10:22:04,ME,Pen-and-paper math,I dislike it and I avoid it if I can.,I only use AI to check my answers.,12,6,,,Avengers: Endgame,,,"Avatar: Fire and Ash, Barbie, Dune"
1/20/2026 10:57:01,EE,Pen-and-paper math,"Neutral, and I use it when it helps me.",I use AI to explain concepts and check my answers.,9,12,,"Avatar: Fire and Ash, Avengers: Endgame, Frozen, Titanic",Spider-Man: Across the Spiderverse,,,"Barbie, Dune, Get Out, Interstellar, KPop Demon Hunters, My Neighbor Totoro, Star Wars: The Rise of Skywalker, Superman (2025), Wicked"
1/20/2026 11:12:09,ME,Pen-and-paper math,"Neutral, and I use it when it helps me.",I use AI to explain concepts and check my answers.,12,2,"Avatar: Fire and Ash, Avengers: Endgame, Dune, Interstellar, Spider-Man: Across the Spiderverse","Superman (2025), Titanic",Frozen,,Star Wars: The Rise of Skywalker,"Barbie, Get Out, KPop Demon Hunters, My Neighbor Totoro, Wicked"
1/20/2026 11:33:27,ME,Pen-and-paper math,"Neutral, and I use it when it helps me.",I only use AI to check my answers.,11,6,Interstellar,"Avengers: Endgame, My Neighbor Totoro",Frozen,,,"Avatar: Fire and Ash, Barbie, Dune, Get Out, KPop Demon Hunters"
1/20/2026 11:46:16,ME,Programming algorithms,"I appreciate its use in data analysis and as a computational tool, but I am opposed to what I personally view as frivolous uses of AI such as generative “art” (even apart from the ethics, the environmental impact I cannot ignore) and using platforms like chatGPT to do tasks one could easily accomplish oneself. Personally I feel such uses to be detrimental to the agency and independence of many people I personally know and it does not seem like a good trend to know many who cannot think critically and problem solve, instead living dependent on AI.",I don't use AI at all.,12,7,"Get Out, Interstellar, Spider-Man: Across the Spiderverse","Avatar: Fire and Ash, Barbie, Dune, Frozen, Superman (2025)","Avengers: Endgame, Titanic",Star Wars: The Rise of Skywalker,,"KPop Demon Hunters, My Neighbor Totoro, Wicked"
1/20/2026 13:47:26,CE,Pen-and-paper math,"Neutral, and I use it when it helps me.",I use AI to explain concepts and check my answers.,9,3,My Neighbor Totoro,Interstellar,Frozen,,,"Avatar: Fire and Ash, Avengers: Endgame, Barbie, Dune, Get Out, KPop Demon Hunters, Spider-Man: Across the Spiderverse, Star Wars: The Rise of Skywalker, Superman (2025), Titanic, Wicked"
1/20/2026 14:25:04,CE,Pen-and-paper math,"Neutral, and I use it when it helps me.",I use AI to explain concepts and check my answers.,13,12,"Dune, Interstellar, Star Wars: The Rise of Skywalker","Spider-Man: Across the Spiderverse, Titanic","Barbie, Frozen",,,"Avatar: Fire and Ash, Avengers: Endgame, Get Out, KPop Demon Hunters, My Neighbor Totoro, Superman (2025), Wicked"
1/20/2026 15:43:39,ME,Pen-and-paper math,"Neutral, and I use it when it helps me.",I only use AI as a tool in case I do not understand a concept.,16,3,"Avatar: Fire and Ash, Dune, Frozen, KPop Demon Hunters, My Neighbor Totoro, Superman (2025), Wicked","Avengers: Endgame, Barbie, Get Out, Spider-Man: Across the Spiderverse","Interstellar, Titanic",,,Star Wars: The Rise of Skywalker
1/20/2026 20:52:26,ME,Pen-and-paper math,"I dislike when people use it to outsource basic thinking, however, for specific applications it can be very useful",I use AI to explain concepts and check my answers.,11,6,"Avengers: Endgame, Interstellar, KPop Demon Hunters, Spider-Man: Across the Spiderverse",Barbie,"Frozen, Titanic",,,"Avatar: Fire and Ash, Dune, Get Out, My Neighbor Totoro, Star Wars: The Rise of Skywalker, Superman (2025), Wicked"
1/21/2026 9:58:54,CE,Programming algorithms,"Neutral, and I use it when it helps me.",I use AI to explain concepts and check my answers.,11,2,"Interstellar, Titanic","Avengers: Endgame, Frozen, My Neighbor Totoro",,,,"Avatar: Fire and Ash, Barbie, Dune, Get Out, KPop Demon Hunters, Spider-Man: Across the Spiderverse, Star Wars: The Rise of Skywalker, Superman (2025), Wicked"
1/21/2026 17:51:16,ME,Pen-and-paper math,I dislike it and I avoid it if I can.,I don't use AI at all.,13,4,"Frozen, Interstellar, My Neighbor Totoro, Star Wars: The Rise of Skywalker","Get Out, KPop Demon Hunters","Avengers: Endgame, Barbie, Spider-Man: Across the Spiderverse",Dune,,"Avatar: Fire and Ash, Superman (2025), Titanic, Wicked"
1/22/2026 10:21:09,ME,Pen-and-paper math,"Neutral, and I use it when it helps me.",I use AI to explain concepts and check my answers.,12,1,"Dune, Interstellar, My Neighbor Totoro","Avengers: Endgame, Get Out",Frozen,,Star Wars: The Rise of Skywalker,"Avatar: Fire and Ash, Barbie, KPop Demon Hunters, Spider-Man: Across the Spiderverse, Superman (2025), Titanic, Wicked"